"target.id.oclc","target.title","target.location.name","target.location.coordinates","source.id.oclc","source.location.name","source.location.coordinates","article.count","issue.count","target.title.transliterated"
"472450345","لغة العرب","Baghdād","33.34058, 44.40088","472450345","Baghdād","33.34058, 44.40088",92,27,"lG0 al3rb"
"4770057679","المقتبس","al-Qāhira","30.06263, 31.24967","4770057679","Dimashq","33.5102, 36.29128",61,35,"almQtbs"
"644997575","الحقائق","Dimashq","33.5102, 36.29128","644997575","Dimashq","33.5102, 36.29128",56,25,"al7Qa5Q"
NA,"الرياض","Baghdād","33.34058, 44.40088","472450345","Baghdād","33.34058, 44.40088",34,23,"alryaD"
"472961924","المجلة","Paris","48.85341, 2.3488","4770057679","al-Qāhira","30.06263, 31.24967",23,14,"almjl0"
"4770057679","المقتبس","al-Qāhira","30.06263, 31.24967","4770057679","al-Qāhira","30.06263, 31.24967",22,15,"almQtbs"
"472961924","المجلة","Paris","48.85341, 2.3488","4770057679","Dimashq","33.5102, 36.29128",16,13,"almjl0"
"1681243","مجلة العالم الإسلامي","Paris","48.85341, 2.3488","4770057679","Dimashq","33.5102, 36.29128",13,11,"mjl0 al3alm alaslamy"
"4770057679","المقتبس","al-Qāhira","30.06263, 31.24967","644997575","Dimashq","33.5102, 36.29128",12,9,"almQtbs"
"1034548778","المفيد","Bayrūt","33.88894, 35.49442","644997575","Dimashq","33.5102, 36.29128",11,7,"almfyd"
"1022938052","العرفان","Ṣaida","33.55751, 35.37148","4770057679","Dimashq","33.5102, 36.29128",10,6,"al3rfan"
"1034545644","الزهور","al-Qāhira","30.06263, 31.24967","472450345","Baghdād","33.34058, 44.40088",10,9,"alzhwr"
"1588981","المنار","al-Qāhira","30.06263, 31.24967","4770057679","al-Qāhira","30.06263, 31.24967",10,8,"almnar"
"931941685","المقتطف","Bayrūt","33.88894, 35.49442","4770057679","al-Qāhira","30.06263, 31.24967",10,6,"almQtTf"
"1681243","مجلة العالم الإسلامي","Paris","48.85341, 2.3488","4770057679","al-Qāhira","30.06263, 31.24967",9,9,"mjl0 al3alm alaslamy"
"1639361","الهلال","al-Qāhira","30.06263, 31.24967","4770057679","al-Qāhira","30.06263, 31.24967",8,7,"alhlal"
"1639361","الهلال","al-Qāhira","30.06263, 31.24967","4770057679","Dimashq","33.5102, 36.29128",7,7,"alhlal"
"473817521","المشرق","Bayrūt","33.88894, 35.49442","4770057679","al-Qāhira","30.06263, 31.24967",7,6,"almWrQ"
"473817521","المشرق","Bayrūt","33.88894, 35.49442","4770057679","Dimashq","33.5102, 36.29128",7,6,"almWrQ"
"931941685","المقتطف","Bayrūt","33.88894, 35.49442","4770057679","Dimashq","33.5102, 36.29128",7,6,"almQtTf"
NA,"العلم","Baghdād","33.34058, 44.40088","472450345","Baghdād","33.34058, 44.40088",7,8,"al3lm"
NA,"الاقتصاديين",NA,NA,"4770057679","Dimashq","33.5102, 36.29128",6,6,"alaQtSadyyn"
NA,"التربية",NA,NA,"4770057679","Dimashq","33.5102, 36.29128",6,3,"altrby0"
NA,"الحياة",NA,NA,"472450345","Baghdād","33.34058, 44.40088",6,5,"al7ya0"
NA,"الدستور",NA,NA,"472450345","Baghdād","33.34058, 44.40088",6,6,"aldstwr"
NA,"الشرق",NA,NA,"4770057679","Dimashq","33.5102, 36.29128",6,6,"alWrQ"
NA,"بيروت",NA,NA,"4770057679","Dimashq","33.5102, 36.29128",6,2,"byrwt"
"1034555409","الضياء","al-Qāhira","30.06263, 31.24967","4770057679","al-Qāhira","30.06263, 31.24967",5,5,"alDyaq"
"1588981","المنار","al-Qāhira","30.06263, 31.24967","4770057679","Dimashq","33.5102, 36.29128",5,5,"almnar"
"1639361","الهلال","al-Qāhira","30.06263, 31.24967","644997575","Dimashq","33.5102, 36.29128",5,4,"alhlal"
"19000299","مجلة المجلات النيويوركية","New York City","40.71427, -74.00597","4770057679","al-Qāhira","30.06263, 31.24967",5,5,"mjl0 almjlat alnywywrky0"
"263593774","الطان","Paris","48.85341, 2.3488","4770057679","Dimashq","33.5102, 36.29128",5,5,"alTan"
"4770057679","المقتبس","al-Qāhira","30.06263, 31.24967","472450345","Baghdād","33.34058, 44.40088",5,5,"almQtbs"
"792756327","الحسناء","Bayrūt","33.88894, 35.49442","792756327","Bayrūt","33.88894, 35.49442",5,4,"al7snaq"
NA,"الأحكام",NA,NA,"4770057679","Dimashq","33.5102, 36.29128",5,3,"ala7kam"
NA,"الحياة",NA,NA,"4770057679","al-Qāhira","30.06263, 31.24967",5,3,"al7ya0"
NA,"بغداد",NA,NA,"472450345","Baghdād","33.34058, 44.40088",5,1,"bGdad"
"1639361","الهلال","al-Qāhira","30.06263, 31.24967","472450345","Baghdād","33.34058, 44.40088",4,4,"alhlal"
"19000299","مجلة المجلات الأميركية","New York City","40.71427, -74.00597","4770057679","al-Qāhira","30.06263, 31.24967",4,3,"mjl0 almjlat alamyrky0"
"297351216","مجلة المجلات الإنكليزية","London","51.50853, -0.12574","4770057679","al-Qāhira","30.06263, 31.24967",4,4,"mjl0 almjlat alanklyzy0"
"792755902","المؤيد","al-Qāhira","30.06263, 31.24967","4770057679","al-Qāhira","30.06263, 31.24967",4,4,"almoyd"
"792755902","المؤيد","al-Qāhira","30.06263, 31.24967","644997575","Dimashq","33.5102, 36.29128",4,5,"almoyd"
"792756327","الحسناء","Bayrūt","33.88894, 35.49442","4770057679","Dimashq","33.5102, 36.29128",4,4,"al7snaq"
"992611467","التيمس","London","51.50853, -0.12574","4770057679","Dimashq","33.5102, 36.29128",4,4,"altyms"
NA,"الاقتصاد",NA,NA,"4770057679","Dimashq","33.5102, 36.29128",4,4,"alaQtSad"
NA,"الديبا",NA,NA,"4770057679","Dimashq","33.5102, 36.29128",4,4,"aldyba"
NA,"الطبيعة",NA,NA,"4770057679","al-Qāhira","30.06263, 31.24967",4,4,"alTby30"
NA,"العالمين",NA,NA,"4770057679","al-Qāhira","30.06263, 31.24967",4,4,"al3almyn"
NA,"العراق",NA,NA,"472450345","Baghdād","33.34058, 44.40088",4,1,"al3raQ"
NA,"العلم","Baghdād","33.34058, 44.40088","4770057679","Dimashq","33.5102, 36.29128",4,4,"al3lm"
NA,"النبراس",NA,NA,"4770057679","Dimashq","33.5102, 36.29128",4,4,"alnbras"
NA,"الهدى",NA,NA,"4770057679","Dimashq","33.5102, 36.29128",4,4,"alhdA"
NA,"جريدة المقتبس",NA,NA,"4770057679","Dimashq","33.5102, 36.29128",4,4,"jryd0 almQtbs"
NA,"حديقة الأخبار",NA,NA,"4770057679","Dimashq","33.5102, 36.29128",4,3,"7dyQ0 alaKbar"
NA,"سبل الرشاد",NA,NA,"472450345","Baghdād","33.34058, 44.40088",4,3,"sbl alrWad"
NA,"طنين",NA,NA,"4770057679","Dimashq","33.5102, 36.29128",4,4,"Tnyn"
"1034547407","الجامعة","Alexandria","31.20176, 29.91582","4770057679","al-Qāhira","30.06263, 31.24967",3,2,"aljam30"
"1588981","المنار","al-Qāhira","30.06263, 31.24967","644997575","Dimashq","33.5102, 36.29128",3,3,"almnar"
"263593774","الطان","Paris","48.85341, 2.3488","4770057679","al-Qāhira","30.06263, 31.24967",3,3,"alTan"
"472961896","مجلة المجلات","Paris","48.85341, 2.3488","644997575","Dimashq","33.5102, 36.29128",3,3,"mjl0 almjlat"
"473817521","المشرق","Bayrūt","33.88894, 35.49442","472450345","Baghdād","33.34058, 44.40088",3,4,"almWrQ"
"792754974","البيان","al-Qāhira","30.06263, 31.24967","4770057679","Dimashq","33.5102, 36.29128",3,3,"albyan"
NA,"أدلة الترقي",NA,NA,"4770057679","Dimashq","33.5102, 36.29128",3,2,"adl0 altrQy"
NA,"إقدام",NA,NA,"4770057679","Dimashq","33.5102, 36.29128",3,2,"aQdam"
NA,"الأهرام",NA,NA,"4770057679","Dimashq","33.5102, 36.29128",3,2,"alahram"
NA,"البلاغ",NA,NA,"644997575","Dimashq","33.5102, 36.29128",3,3,"alblaG"
NA,"الجورنال",NA,NA,"4770057679","Dimashq","33.5102, 36.29128",3,3,"aljwrnal"
NA,"الحق يعلو",NA,NA,"644997575","Dimashq","33.5102, 36.29128",3,2,"al7Q y3lw"
NA,"الرصافة",NA,NA,"472450345","Baghdād","33.34058, 44.40088",3,2,"alrSaf0"
NA,"الرياض",NA,NA,"472450345","Baghdād","33.34058, 44.40088",3,1,"alryaD"
NA,"الزرقاء",NA,NA,"4770057679","Dimashq","33.5102, 36.29128",3,3,"alzrQaq"
NA,"الزهور",NA,NA,"472450345","Baghdād","33.34058, 44.40088",3,2,"alzhwr"
NA,"الطبيعة",NA,NA,"4770057679","Dimashq","33.5102, 36.29128",3,3,"alTby30"
NA,"الظاهر",NA,NA,"4770057679","al-Qāhira","30.06263, 31.24967",3,3,"alZahr"
NA,"العالمين",NA,NA,"4770057679","Dimashq","33.5102, 36.29128",3,3,"al3almyn"
NA,"القسطاس",NA,NA,"472450345","Baghdād","33.34058, 44.40088",3,3,"alQsTas"
NA,"المجلة الآسياوية",NA,NA,"4770057679","Dimashq","33.5102, 36.29128",3,3,"almjl0 alasyawy0"
NA,"المنبر",NA,NA,"4770057679","al-Qāhira","30.06263, 31.24967",3,3,"almnbr"
NA,"الهدى",NA,NA,"4770057679","al-Qāhira","30.06263, 31.24967",3,2,"alhdA"
NA,"بغداد",NA,NA,"4770057679","Dimashq","33.5102, 36.29128",3,1,"bGdad"
NA,"حمص",NA,NA,"4770057679","Dimashq","33.5102, 36.29128",3,2,"7mS"
NA,"صباح",NA,NA,"4770057679","Dimashq","33.5102, 36.29128",3,3,"Sba7"
NA,"مجلة التربية",NA,NA,"4770057679","Dimashq","33.5102, 36.29128",3,3,"mjl0 altrby0"
NA,"يكي غزته",NA,NA,"4770057679","Dimashq","33.5102, 36.29128",3,3,"yky Gzth"
"1034547407","الجامعة","Alexandria","31.20176, 29.91582","4770057679","Dimashq","33.5102, 36.29128",2,2,"aljam30"
"1034550756","الحقيقة","Bayrūt","33.88894, 35.49442","644997575","Dimashq","33.5102, 36.29128",2,2,"al7QyQ0"
"1034551122","الآثار","Zaḥla","33.84972, 35.90417","4770057679","Dimashq","33.5102, 36.29128",2,2,"alaUar"
"1034555409","الضياء","al-Qāhira","30.06263, 31.24967","4770057679","Dimashq","33.5102, 36.29128",2,2,"alDyaq"
"1034555409","الضياء","al-Qāhira","30.06263, 31.24967","644997575","Dimashq","33.5102, 36.29128",2,2,"alDyaq"
"42900564","الاتحاد العثماني","Bayrūt","33.88894, 35.49442","644997575","Dimashq","33.5102, 36.29128",2,2,"alat7ad al3Umany"
"472450345","لغة العرب","Baghdād","33.34058, 44.40088","4770057679","Dimashq","33.5102, 36.29128",2,2,"lG0 al3rb"
"472961896","مجلة المجلات","Paris","48.85341, 2.3488","4770057679","Dimashq","33.5102, 36.29128",2,2,"mjl0 almjlat"
"792754974","البيان","al-Qāhira","30.06263, 31.24967","472450345","Baghdād","33.34058, 44.40088",2,2,"albyan"
"792754974","البيان","al-Qāhira","30.06263, 31.24967","4770057679","al-Qāhira","30.06263, 31.24967",2,2,"albyan"
"792755902","المؤيد","al-Qāhira","30.06263, 31.24967","4770057679","Dimashq","33.5102, 36.29128",2,2,"almoyd"
"931941685","المقتطف","Bayrūt","33.88894, 35.49442","644997575","Dimashq","33.5102, 36.29128",2,2,"almQtTf"
NA,"الآنال",NA,NA,"4770057679","al-Qāhira","30.06263, 31.24967",2,2,"alanal"
NA,"الإصلاح",NA,NA,"4770057679","Dimashq","33.5102, 36.29128",2,1,"alaSla7"
NA,"الاجتماع",NA,NA,"4770057679","Dimashq","33.5102, 36.29128",2,2,"alajtma3"
NA,"الباريزية",NA,NA,"4770057679","Dimashq","33.5102, 36.29128",2,2,"albaryzy0"
NA,"التعليم",NA,NA,"4770057679","al-Qāhira","30.06263, 31.24967",2,2,"alt3lym"
NA,"التواريخ",NA,NA,"4770057679","Dimashq","33.5102, 36.29128",2,2,"altwaryK"
NA,"الجامعة المصرية",NA,NA,"4770057679","Dimashq","33.5102, 36.29128",2,1,"aljam30 almSry0"
NA,"الجوائب",NA,NA,"4770057679","al-Qāhira","30.06263, 31.24967",2,2,"aljwa5b"
NA,"الجوائب",NA,NA,"4770057679","Dimashq","33.5102, 36.29128",2,2,"aljwa5b"
NA,"الحقوق","Jabal Lubnān","33.91667, 35.66667","4770057679","Dimashq","33.5102, 36.29128",2,2,"al7QwQ"
NA,"الرئيس",NA,NA,"4770057679","Dimashq","33.5102, 36.29128",2,2,"alr5ys"
NA,"الراوي",NA,NA,"4770057679","Dimashq","33.5102, 36.29128",2,2,"alrawy"
NA,"الشام",NA,NA,"4770057679","al-Qāhira","30.06263, 31.24967",2,1,"alWam"
NA,"الصحة",NA,NA,"4770057679","Dimashq","33.5102, 36.29128",2,2,"alS70"
NA,"العالم الجديد",NA,NA,"4770057679","Dimashq","33.5102, 36.29128",2,2,"al3alm aljdyd"
NA,"العثماني",NA,NA,"644997575","Dimashq","33.5102, 36.29128",2,2,"al3Umany"
NA,"العصر",NA,NA,"4770057679","Dimashq","33.5102, 36.29128",2,2,"al3Sr"
NA,"العصر الجديد","Dimashq","33.5102, 36.29128","644997575","Dimashq","33.5102, 36.29128",2,2,"al3Sr aljdyd"
NA,"القدس",NA,NA,"4770057679","Dimashq","33.5102, 36.29128",2,1,"alQds"
NA,"القرن",NA,NA,"4770057679","Dimashq","33.5102, 36.29128",2,2,"alQrn"
NA,"القصر",NA,NA,"4770057679","Dimashq","33.5102, 36.29128",2,2,"alQSr"
NA,"الكائنات",NA,NA,"644997575","Dimashq","33.5102, 36.29128",2,2,"alka5nat"
NA,"الكرمل",NA,NA,"4770057679","Dimashq","33.5102, 36.29128",2,2,"alkrml"
NA,"الكوثر",NA,NA,"4770057679","Dimashq","33.5102, 36.29128",2,2,"alkwUr"
NA,"المباحث",NA,NA,"4770057679","Dimashq","33.5102, 36.29128",2,2,"almba7U"
NA,"المجلة الجديدة",NA,NA,"4770057679","al-Qāhira","30.06263, 31.24967",2,2,"almjl0 aljdyd0"
NA,"المحيط",NA,NA,"4770057679","al-Qāhira","30.06263, 31.24967",2,2,"alm7yT"
NA,"المدرسة",NA,NA,"4770057679","Dimashq","33.5102, 36.29128",2,2,"almdrs0"
NA,"المطالعات البيتية",NA,NA,"4770057679","Dimashq","33.5102, 36.29128",2,2,"almTal3at albyty0"
NA,"المنتقد",NA,NA,"4770057679","Dimashq","33.5102, 36.29128",2,2,"almntQd"
NA,"النجف",NA,NA,"4770057679","Dimashq","33.5102, 36.29128",2,1,"alnjf"
NA,"النعمة",NA,NA,"4770057679","Dimashq","33.5102, 36.29128",2,2,"aln3m0"
NA,"الورلد",NA,NA,"4770057679","Dimashq","33.5102, 36.29128",2,2,"alwrld"
NA,"الوطن","Bayrūt","33.88894, 35.49442","644997575","Dimashq","33.5102, 36.29128",2,2,"alwTn"
NA,"تصوير أفكار",NA,NA,"4770057679","Dimashq","33.5102, 36.29128",2,2,"tSwyr afkar"
NA,"ثروت فنون",NA,NA,"4770057679","Dimashq","33.5102, 36.29128",2,2,"Urwt fnwn"
NA,"شهبال",NA,NA,"4770057679","Dimashq","33.5102, 36.29128",2,2,"Whbal"
NA,"طبيب العائلة",NA,NA,"4770057679","al-Qāhira","30.06263, 31.24967",2,1,"Tbyb al3a5l0"
NA,"فتى العرب",NA,NA,"4770057679","Dimashq","33.5102, 36.29128",2,1,"ftA al3rb"
NA,"مجلة الجامعة المصرية",NA,NA,"4770057679","Dimashq","33.5102, 36.29128",2,2,"mjl0 aljam30 almSry0"
NA,"مجلة الطبيعة",NA,NA,"4770057679","Dimashq","33.5102, 36.29128",2,2,"mjl0 alTby30"
NA,"مجلة العالمين",NA,NA,"4770057679","al-Qāhira","30.06263, 31.24967",2,2,"mjl0 al3almyn"
NA,"مجلة العلم الاجتماعي",NA,NA,"4770057679","Dimashq","33.5102, 36.29128",2,2,"mjl0 al3lm alajtma3y"
NA,"مقتبس",NA,NA,"4770057679","al-Qāhira","30.06263, 31.24967",2,2,"mQtbs"
NA,"مقتبس",NA,NA,"4770057679","Dimashq","33.5102, 36.29128",2,1,"mQtbs"
NA,"مكارم الأخلاق",NA,NA,"644997575","Dimashq","33.5102, 36.29128",2,1,"mkarm alaKlaQ"
"1022938052","العرفان","Ṣaida","33.55751, 35.37148","472450345","Baghdād","33.34058, 44.40088",1,1,"al3rfan"
"1034545644","الزهور","al-Qāhira","30.06263, 31.24967","4770057679","Dimashq","33.5102, 36.29128",1,1,"alzhwr"
"1034547407","الجامعة","Alexandria","31.20176, 29.91582","792756327","Bayrūt","33.88894, 35.49442",1,1,"aljam30"
"1034548778","المفيد","Bayrūt","33.88894, 35.49442","472450345","Baghdād","33.34058, 44.40088",1,1,"almfyd"
"1034548778","المفيد","Bayrūt","33.88894, 35.49442","4770057679","Dimashq","33.5102, 36.29128",1,1,"almfyd"
"1034550756","الحقيقة","Bayrūt","33.88894, 35.49442","4770057679","Dimashq","33.5102, 36.29128",1,1,"al7QyQ0"
"1034551122","الآثار","Zaḥla","33.84972, 35.90417","472450345","Baghdād","33.34058, 44.40088",1,1,"alaUar"
"1034555409","الضياء","al-Qāhira","30.06263, 31.24967","472450345","Baghdād","33.34058, 44.40088",1,1,"alDyaq"
"1588981","المنار","al-Qāhira","30.06263, 31.24967","472450345","Baghdād","33.34058, 44.40088",1,1,"almnar"
"1681243","مجلة العالم الإسلامي","Paris","48.85341, 2.3488","472450345","Baghdād","33.34058, 44.40088",1,1,"mjl0 al3alm alaslamy"
"173830042","الطبيب",NA,NA,"472450345","Baghdād","33.34058, 44.40088",1,1,"alTbyb"
"173830042","الطبيب",NA,NA,"4770057679","al-Qāhira","30.06263, 31.24967",1,1,"alTbyb"
"19000299","مجلة المجلات الأمريكية","New York City","40.71427, -74.00597","4770057679","al-Qāhira","30.06263, 31.24967",1,1,"mjl0 almjlat alamryky0"
"263593774","الطان","Paris","48.85341, 2.3488","472450345","Baghdād","33.34058, 44.40088",1,1,"alTan"
"297351216","مجلة المجلات","London","51.50853, -0.12574","4770057679","al-Qāhira","30.06263, 31.24967",1,1,"mjl0 almjlat"
"42900564","الاتحاد العثماني","Bayrūt","33.88894, 35.49442","4770057679","Dimashq","33.5102, 36.29128",1,1,"alat7ad al3Umany"
"472961896","مجلة المجلات الفرنسية","Paris","48.85341, 2.3488","4770057679","al-Qāhira","30.06263, 31.24967",1,1,"mjl0 almjlat alfrnsy0"
"644997575","الحقائق","Dimashq","33.5102, 36.29128","4770057679","Dimashq","33.5102, 36.29128",1,1,"al7Qa5Q"
"931941685","المقتطف","Bayrūt","33.88894, 35.49442","472450345","Baghdād","33.34058, 44.40088",1,1,"almQtTf"
"987291181","الجنان","Bayrūt","33.88894, 35.49442","472450345","Baghdād","33.34058, 44.40088",1,1,"aljnan"
"987291181","الجنان","Bayrūt","33.88894, 35.49442","4770057679","Dimashq","33.5102, 36.29128",1,1,"aljnan"
"992611467","التيمس","London","51.50853, -0.12574","4770057679","al-Qāhira","30.06263, 31.24967",1,1,"altyms"
"992611467","التيمس","London","51.50853, -0.12574","644997575","Dimashq","33.5102, 36.29128",1,1,"altyms"
NA,"(سالنامة) ولاية بيروت",NA,NA,"4770057679","Dimashq","33.5102, 36.29128",1,1,"(salnam0) wlay0 byrwt"
NA,"Le Traducteur",NA,NA,"4770057679","al-Qāhira","30.06263, 31.24967",1,1,"Le Traducteur"
NA,"Les Documents du Progrès",NA,NA,"4770057679","Dimashq","33.5102, 36.29128",1,1,"Les Documents du Progrès"
NA,"Revue Hispanique",NA,NA,"4770057679","al-Qāhira","30.06263, 31.24967",1,1,"Revue Hispanique"
NA,"Revue internationale d'éthnologie et de la linguistique",NA,NA,"4770057679","al-Qāhira","30.06263, 31.24967",1,1,"Revue internationale d'éthnologie et de la linguistique"
NA,"أخوت",NA,NA,"472450345","Baghdād","33.34058, 44.40088",1,1,"aKwt"
NA,"أرناؤود",NA,NA,"4770057679","Dimashq","33.5102, 36.29128",1,1,"arnaowd"
NA,"أفكار عمومية",NA,NA,"472450345","Baghdād","33.34058, 44.40088",1,1,"afkar 3mwmy0"
NA,"أقدام",NA,NA,"4770057679","Dimashq","33.5102, 36.29128",1,1,"aQdam"
NA,"أميركا الشمالية",NA,NA,"4770057679","al-Qāhira","30.06263, 31.24967",1,1,"amyrka alWmaly0"
NA,"أنيس الجليس",NA,NA,"4770057679","al-Qāhira","30.06263, 31.24967",1,1,"anys aljlys"
NA,"إيفنن نيوز",NA,NA,"4770057679","Dimashq","33.5102, 36.29128",1,1,"ayfnn nywz"
NA,"اشك",NA,NA,"4770057679","Dimashq","33.5102, 36.29128",1,1,"aWk"
NA,"الآسياوية",NA,NA,"4770057679","Dimashq","33.5102, 36.29128",1,1,"alasyawy0"
NA,"الآورلوك",NA,NA,"4770057679","Dimashq","33.5102, 36.29128",1,1,"alawrlwk"
NA,"الأثري",NA,NA,"4770057679","Dimashq","33.5102, 36.29128",1,1,"alaUry"
NA,"الأحكام",NA,NA,"4770057679","al-Qāhira","30.06263, 31.24967",1,1,"ala7kam"
NA,"الأخبار",NA,NA,"4770057679","al-Qāhira","30.06263, 31.24967",1,1,"alaKbar"
NA,"الأرز",NA,NA,"4770057679","Dimashq","33.5102, 36.29128",1,1,"alarz"
NA,"الأرض",NA,NA,"4770057679","al-Qāhira","30.06263, 31.24967",1,1,"alarD"
NA,"الأسبوع الأدبي",NA,NA,"4770057679","Dimashq","33.5102, 36.29128",1,1,"alasbw3 aladby"
NA,"الأسرار",NA,NA,"472450345","Baghdād","33.34058, 44.40088",1,1,"alasrar"
NA,"الأضواء",NA,NA,"472450345","Baghdād","33.34058, 44.40088",1,1,"alaDwaq"
NA,"الأفكار",NA,NA,"4770057679","al-Qāhira","30.06263, 31.24967",1,1,"alafkar"
NA,"الأفكار",NA,NA,"4770057679","Dimashq","33.5102, 36.29128",1,1,"alafkar"
NA,"الأفكار الحديثة",NA,NA,"4770057679","Dimashq","33.5102, 36.29128",1,1,"alafkar al7dyU0"
NA,"الأقرباء",NA,NA,"4770057679","Dimashq","33.5102, 36.29128",1,1,"alaQrbaq"
NA,"الأقلام",NA,NA,"4770057679","al-Qāhira","30.06263, 31.24967",1,1,"alaQlam"
NA,"الأمم",NA,NA,"4770057679","Dimashq","33.5102, 36.29128",1,1,"alamm"
NA,"الأنتروبوس",NA,NA,"4770057679","al-Qāhira","30.06263, 31.24967",1,1,"alantrwbws"
NA,"الأنوار",NA,NA,"472450345","Baghdād","33.34058, 44.40088",1,1,"alanwar"
NA,"الأهرام",NA,NA,"4770057679","al-Qāhira","30.06263, 31.24967",1,1,"alahram"
NA,"الأوتلوك",NA,NA,"4770057679","Dimashq","33.5102, 36.29128",1,1,"alawtlwk"
NA,"الأوتو",NA,NA,"4770057679","Dimashq","33.5102, 36.29128",1,1,"alawtw"
NA,"الإخاء",NA,NA,"4770057679","Dimashq","33.5102, 36.29128",1,1,"alaKaq"
NA,"الإخراجات",NA,NA,"4770057679","Dimashq","33.5102, 36.29128",1,1,"alaKrajat"
NA,"الإرشاد",NA,NA,"472450345","Baghdād","33.34058, 44.40088",1,1,"alarWad"
NA,"الإرشاد",NA,NA,"644997575","Dimashq","33.5102, 36.29128",1,1,"alarWad"
NA,"الإقبال",NA,NA,"4770057679","al-Qāhira","30.06263, 31.24967",1,1,"alaQbal"
NA,"الإنسانية",NA,NA,"4770057679","Dimashq","33.5102, 36.29128",1,1,"alansany0"
NA,"الإيكو دي باري",NA,NA,"4770057679","Dimashq","33.5102, 36.29128",1,1,"alaykw dy bary"
NA,"الإيكودي باري",NA,NA,"4770057679","Dimashq","33.5102, 36.29128",1,1,"alaykwdy bary"
NA,"الاتحاد",NA,NA,"4770057679","Dimashq","33.5102, 36.29128",1,1,"alat7ad"
NA,"الاحوال",NA,NA,"792756327","Bayrūt","33.88894, 35.49442",1,1,"ala7wal"
NA,"الاحياء",NA,NA,"4770057679","al-Qāhira","30.06263, 31.24967",1,1,"ala7yaq"
NA,"الاستعمار",NA,NA,"4770057679","al-Qāhira","30.06263, 31.24967",1,1,"alast3mar"
NA,"الاقتصاديين",NA,NA,"4770057679","al-Qāhira","30.06263, 31.24967",1,1,"alaQtSadyyn"
NA,"الاكونومبست أوربيين",NA,NA,"4770057679","al-Qāhira","30.06263, 31.24967",1,1,"alakwnwmbst awrbyyn"
NA,"الالستراسيون",NA,NA,"472450345","Baghdād","33.34058, 44.40088",1,1,"alalstrasywn"
NA,"الامة",NA,NA,"792756327","Bayrūt","33.88894, 35.49442",1,1,"alam0"
NA,"الانثربوس",NA,NA,"472450345","Baghdād","33.34058, 44.40088",1,1,"alanUrbws"
NA,"الانقلاب",NA,NA,"472450345","Baghdād","33.34058, 44.40088",1,1,"alanQlab"
NA,"الاونيفر",NA,NA,"472450345","Baghdād","33.34058, 44.40088",1,1,"alawnyfr"
NA,"الايكو",NA,NA,"4770057679","Dimashq","33.5102, 36.29128",1,1,"alaykw"
NA,"الايكودي باري",NA,NA,"4770057679","Dimashq","33.5102, 36.29128",1,1,"alaykwdy bary"
NA,"البابيروس",NA,NA,"4770057679","al-Qāhira","30.06263, 31.24967",1,1,"albabyrws"
NA,"البال مال غازت",NA,NA,"4770057679","Dimashq","33.5102, 36.29128",1,1,"albal mal Gazt"
NA,"البتي",NA,NA,"4770057679","Dimashq","33.5102, 36.29128",1,1,"albty"
NA,"البتي باريزين",NA,NA,"4770057679","Dimashq","33.5102, 36.29128",1,1,"albty baryzyn"
NA,"البتي جرنال",NA,NA,"4770057679","al-Qāhira","30.06263, 31.24967",1,1,"albty jrnal"
NA,"البريس",NA,NA,"4770057679","al-Qāhira","30.06263, 31.24967",1,1,"albrys"
NA,"البريس",NA,NA,"4770057679","Dimashq","33.5102, 36.29128",1,1,"albrys"
NA,"البشير",NA,NA,"4770057679","Dimashq","33.5102, 36.29128",1,1,"albWyr"
NA,"البصائر",NA,NA,"4770057679","Dimashq","33.5102, 36.29128",1,1,"albSa5r"
NA,"البصرة",NA,NA,"4770057679","Dimashq","33.5102, 36.29128",1,1,"albSr0"
NA,"البلبل",NA,NA,"472450345","Baghdād","33.34058, 44.40088",1,1,"alblbl"
NA,"البيوت",NA,NA,"4770057679","al-Qāhira","30.06263, 31.24967",1,1,"albywt"
NA,"البيوت",NA,NA,"4770057679","Dimashq","33.5102, 36.29128",1,1,"albywt"
NA,"التربيونا",NA,NA,"4770057679","Dimashq","33.5102, 36.29128",1,1,"altrbywna"
NA,"التعاون",NA,NA,"472450345","Baghdād","33.34058, 44.40088",1,1,"alt3awn"
NA,"التفكر",NA,NA,"472450345","Baghdād","33.34058, 44.40088",1,1,"altfkr"
NA,"التنخل",NA,NA,"4770057679","Dimashq","33.5102, 36.29128",1,1,"altnKl"
NA,"الثبات",NA,NA,"4770057679","Dimashq","33.5102, 36.29128",1,1,"alUbat"
NA,"الجريدة",NA,NA,"4770057679","al-Qāhira","30.06263, 31.24967",1,1,"aljryd0"
NA,"الجريدة",NA,NA,"4770057679","Dimashq","33.5102, 36.29128",1,1,"aljryd0"
NA,"الجسمانية",NA,NA,"472450345","Baghdād","33.34058, 44.40088",1,1,"aljsmany0"
NA,"الجورنال",NA,NA,"4770057679","al-Qāhira","30.06263, 31.24967",1,1,"aljwrnal"
NA,"الجورنال دي كير",NA,NA,"644997575","Dimashq","33.5102, 36.29128",1,1,"aljwrnal dy kyr"
NA,"الحارس",NA,NA,"4770057679","Dimashq","33.5102, 36.29128",1,1,"al7ars"
NA,"الحبل",NA,NA,"472450345","Baghdād","33.34058, 44.40088",1,1,"al7bl"
NA,"الحجاز",NA,NA,"4770057679","Dimashq","33.5102, 36.29128",1,1,"al7jaz"
NA,"الحقوق","Jabal Lubnān","33.91667, 35.66667","792756327","Bayrūt","33.88894, 35.49442",1,1,"al7QwQ"
NA,"الحقوق",NA,NA,"472450345","Baghdād","33.34058, 44.40088",1,1,"al7QwQ"
NA,"الحقيقة",NA,NA,"472450345","Baghdād","33.34058, 44.40088",1,1,"al7QyQ0"
NA,"الحكمة",NA,NA,"4770057679","al-Qāhira","30.06263, 31.24967",1,1,"al7km0"
NA,"الحياة",NA,NA,"4770057679","Dimashq","33.5102, 36.29128",1,1,"al7ya0"
NA,"الحياة البيتة",NA,NA,"4770057679","Dimashq","33.5102, 36.29128",1,1,"al7ya0 albyt0"
NA,"الحياة البيتية",NA,NA,"4770057679","al-Qāhira","30.06263, 31.24967",1,1,"al7ya0 albyty0"
NA,"الحياة البيتية",NA,NA,"4770057679","Dimashq","33.5102, 36.29128",1,1,"al7ya0 albyty0"
NA,"الدروس",NA,NA,"4770057679","Dimashq","33.5102, 36.29128",1,1,"aldrws"
NA,"الدولة",NA,NA,"4770057679","Dimashq","33.5102, 36.29128",1,1,"aldwl0"
NA,"الديبا",NA,NA,"4770057679","al-Qāhira","30.06263, 31.24967",1,1,"aldyba"
NA,"الديبيش كلونيال",NA,NA,"4770057679","al-Qāhira","30.06263, 31.24967",1,1,"aldybyW klwnyal"
NA,"الديلي",NA,NA,"4770057679","Dimashq","33.5102, 36.29128",1,1,"aldyly"
NA,"الديلي اكسبرس",NA,NA,"4770057679","Dimashq","33.5102, 36.29128",1,1,"aldyly aksbrs"
NA,"الديلي تلغراف",NA,NA,"4770057679","Dimashq","33.5102, 36.29128",1,1,"aldyly tlGraf"
NA,"الديلي كرونيكل",NA,NA,"4770057679","Dimashq","33.5102, 36.29128",1,1,"aldyly krwnykl"
NA,"الديلي ميرور",NA,NA,"4770057679","Dimashq","33.5102, 36.29128",1,1,"aldyly myrwr"
NA,"الديلي ميل",NA,NA,"4770057679","Dimashq","33.5102, 36.29128",1,1,"aldyly myl"
NA,"الديلي نيوز",NA,NA,"4770057679","Dimashq","33.5102, 36.29128",1,1,"aldyly nywz"
NA,"الرأي العام","Bayrūt","33.88894, 35.49442","644997575","Dimashq","33.5102, 36.29128",1,1,"alray al3am"
NA,"الرأي العام","Bayrūt","33.88894, 35.49442","792756327","Bayrūt","33.88894, 35.49442",1,1,"alray al3am"
NA,"الرابطة",NA,NA,"4770057679","Dimashq","33.5102, 36.29128",1,1,"alrabT0"
NA,"الرشيد",NA,NA,"792756327","Bayrūt","33.88894, 35.49442",1,1,"alrWyd"
NA,"الرقيب",NA,NA,"472450345","Baghdād","33.34058, 44.40088",1,1,"alrQyb"
NA,"الرياحين",NA,NA,"472450345","Baghdād","33.34058, 44.40088",1,1,"alrya7yn"
NA,"الريحانة",NA,NA,"4770057679","al-Qāhira","30.06263, 31.24967",1,1,"alry7an0"
NA,"الزمان",NA,NA,"4770057679","Dimashq","33.5102, 36.29128",1,1,"alzman"
NA,"الزورآء",NA,NA,"472450345","Baghdād","33.34058, 44.40088",1,1,"alzwraq"
NA,"الزوراء","Baghdād","33.34058, 44.40088","472450345","Baghdād","33.34058, 44.40088",1,1,"alzwraq"
NA,"الزوراء","Baghdād","33.34058, 44.40088","4770057679","Dimashq","33.5102, 36.29128",1,1,"alzwraq"
NA,"السائح",NA,NA,"644997575","Dimashq","33.5102, 36.29128",1,1,"alsa57"
NA,"الستاندارد",NA,NA,"4770057679","Dimashq","33.5102, 36.29128",1,1,"alstandard"
NA,"الستندارد",NA,NA,"4770057679","Dimashq","33.5102, 36.29128",1,1,"alstndard"
NA,"السجلات المراكشية",NA,NA,"4770057679","Dimashq","33.5102, 36.29128",1,1,"alsjlat almrakWy0"
NA,"السلام",NA,NA,"4770057679","al-Qāhira","30.06263, 31.24967",1,1,"alslam"
NA,"السنة",NA,NA,"4770057679","Dimashq","33.5102, 36.29128",1,1,"alsn0"
NA,"السورفي",NA,NA,"4770057679","Dimashq","33.5102, 36.29128",1,1,"alswrfy"
NA,"الشتاء",NA,NA,"4770057679","al-Qāhira","30.06263, 31.24967",1,1,"alWtaq"
NA,"الشرق",NA,NA,"472450345","Baghdād","33.34058, 44.40088",1,1,"alWrQ"
NA,"الشرق والغرب",NA,NA,"4770057679","al-Qāhira","30.06263, 31.24967",1,1,"alWrQ walGrb"
NA,"الشعراء",NA,NA,"4770057679","Dimashq","33.5102, 36.29128",1,1,"alW3raq"
NA,"الصاعقة",NA,NA,"472450345","Baghdād","33.34058, 44.40088",1,1,"alSa3Q0"
NA,"الطب",NA,NA,"4770057679","Dimashq","33.5102, 36.29128",1,1,"alTb"
NA,"الظرائف",NA,NA,"472450345","Baghdād","33.34058, 44.40088",1,1,"alZra5f"
NA,"العالم",NA,NA,"4770057679","al-Qāhira","30.06263, 31.24967",1,1,"al3alm"
NA,"العالم الإسلامي",NA,NA,"4770057679","Dimashq","33.5102, 36.29128",1,1,"al3alm alaslamy"
NA,"العالم السلامي",NA,NA,"4770057679","al-Qāhira","30.06263, 31.24967",1,1,"al3alm alslamy"
NA,"العالم الشرقي",NA,NA,"4770057679","Dimashq","33.5102, 36.29128",1,1,"al3alm alWrQy"
NA,"العالمين",NA,NA,"644997575","Dimashq","33.5102, 36.29128",1,1,"al3almyn"
NA,"العرب",NA,NA,"472450345","Baghdād","33.34058, 44.40088",1,1,"al3rb"
NA,"العرب",NA,NA,"644997575","Dimashq","33.5102, 36.29128",1,1,"al3rb"
NA,"العروة",NA,NA,"4770057679","Dimashq","33.5102, 36.29128",1,1,"al3rw0"
NA,"العروس",NA,NA,"4770057679","Dimashq","33.5102, 36.29128",1,1,"al3rws"
NA,"العريس",NA,NA,"4770057679","Dimashq","33.5102, 36.29128",1,1,"al3rys"
NA,"العصر الجديد","Dimashq","33.5102, 36.29128","4770057679","Dimashq","33.5102, 36.29128",1,1,"al3Sr aljdyd"
NA,"العلم","Baghdād","33.34058, 44.40088","4770057679","al-Qāhira","30.06263, 31.24967",1,1,"al3lm"
NA,"العلم",NA,NA,"472450345","Baghdād","33.34058, 44.40088",1,1,"al3lm"
NA,"العلم العام",NA,NA,"4770057679","al-Qāhira","30.06263, 31.24967",1,1,"al3lm al3am"
NA,"العلم في القرن ال عشرين",NA,NA,"4770057679","al-Qāhira","30.06263, 31.24967",1,1,"al3lm fy alQrn al 3Wryn"
NA,"العلماء",NA,NA,"4770057679","Dimashq","33.5102, 36.29128",1,1,"al3lmaq"
NA,"العمران",NA,NA,"4770057679","al-Qāhira","30.06263, 31.24967",1,1,"al3mran"
NA,"العملة",NA,NA,"4770057679","al-Qāhira","30.06263, 31.24967",1,1,"al3ml0"
NA,"العهد",NA,NA,"4770057679","al-Qāhira","30.06263, 31.24967",1,1,"al3hd"
NA,"الفرائد",NA,NA,"792756327","Bayrūt","33.88894, 35.49442",1,1,"alfra5d"
NA,"الفرنسوية",NA,NA,"4770057679","Dimashq","33.5102, 36.29128",1,1,"alfrnswy0"
NA,"الفيغار",NA,NA,"4770057679","Dimashq","33.5102, 36.29128",1,1,"alfyGar"
NA,"القرن",NA,NA,"4770057679","al-Qāhira","30.06263, 31.24967",1,1,"alQrn"
NA,"الكرخ",NA,NA,"472450345","Baghdād","33.34058, 44.40088",1,1,"alkrK"
NA,"الكلية",NA,NA,"4770057679","Dimashq","33.5102, 36.29128",1,1,"alkly0"
NA,"الكلية",NA,NA,"792756327","Bayrūt","33.88894, 35.49442",1,1,"alkly0"
NA,"الكمال",NA,NA,"472450345","Baghdād","33.34058, 44.40088",1,1,"alkmal"
NA,"الكورسبوندان",NA,NA,"4770057679","al-Qāhira","30.06263, 31.24967",1,1,"alkwrsbwndan"
NA,"الكورسبوندان",NA,NA,"4770057679","Dimashq","33.5102, 36.29128",1,1,"alkwrsbwndan"
NA,"الكونستيتوسيونل",NA,NA,"4770057679","Dimashq","33.5102, 36.29128",1,1,"alkwnstytwsywnl"
NA,"اللاذقية",NA,NA,"4770057679","Dimashq","33.5102, 36.29128",1,1,"allaiQy0"
NA,"اللباب",NA,NA,"4770057679","al-Qāhira","30.06263, 31.24967",1,1,"allbab"
NA,"اللهم",NA,NA,"4770057679","Dimashq","33.5102, 36.29128",1,1,"allhm"
NA,"اللواء",NA,NA,"4770057679","al-Qāhira","30.06263, 31.24967",1,1,"allwaq"
NA,"اللواء",NA,NA,"4770057679","Dimashq","33.5102, 36.29128",1,1,"allwaq"
NA,"اللوقال إنجايكر",NA,NA,"644997575","Dimashq","33.5102, 36.29128",1,1,"allwQal anjaykr"
NA,"اللويد",NA,NA,"4770057679","Dimashq","33.5102, 36.29128",1,1,"allwyd"
NA,"الماتين",NA,NA,"4770057679","Dimashq","33.5102, 36.29128",1,1,"almatyn"
NA,"الماتيني",NA,NA,"4770057679","Dimashq","33.5102, 36.29128",1,1,"almatyny"
NA,"المايتن",NA,NA,"4770057679","Dimashq","33.5102, 36.29128",1,1,"almaytn"
NA,"المبشر",NA,NA,"4770057679","Dimashq","33.5102, 36.29128",1,1,"almbWr"
NA,"المترجم",NA,NA,"4770057679","al-Qāhira","30.06263, 31.24967",1,1,"almtrjm"
NA,"المتقتبس",NA,NA,"4770057679","Dimashq","33.5102, 36.29128",1,1,"almtQtbs"
NA,"المجلة الآسيوية",NA,NA,"4770057679","Dimashq","33.5102, 36.29128",1,1,"almjl0 alasywy0"
NA,"المجلة الإسبانية",NA,NA,"4770057679","al-Qāhira","30.06263, 31.24967",1,1,"almjl0 alasbany0"
NA,"المجلة الإسبانية",NA,NA,"4770057679","Dimashq","33.5102, 36.29128",1,1,"almjl0 alasbany0"
NA,"المجلة الإفريقية",NA,NA,"4770057679","al-Qāhira","30.06263, 31.24967",1,1,"almjl0 alafryQy0"
NA,"المجلة الاستعمارية النيابية",NA,NA,"4770057679","al-Qāhira","30.06263, 31.24967",1,1,"almjl0 alast3mary0 alnyaby0"
NA,"المجلة التونسية",NA,NA,"4770057679","al-Qāhira","30.06263, 31.24967",1,1,"almjl0 altwnsy0"
NA,"المجلة التونسية",NA,NA,"4770057679","Dimashq","33.5102, 36.29128",1,1,"almjl0 altwnsy0"
NA,"المجلة الجرمانية الآسياوية",NA,NA,"4770057679","Dimashq","33.5102, 36.29128",1,1,"almjl0 aljrmany0 alasyawy0"
NA,"المجلة المدرسية",NA,NA,"4770057679","Dimashq","33.5102, 36.29128",1,1,"almjl0 almdrsy0"
NA,"المجلة المصرية",NA,NA,"4770057679","al-Qāhira","30.06263, 31.24967",1,1,"almjl0 almSry0"
NA,"المجلة الوردية",NA,NA,"4770057679","Dimashq","33.5102, 36.29128",1,1,"almjl0 alwrdy0"
NA,"المجمع الطبي البريطاني",NA,NA,"4770057679","Dimashq","33.5102, 36.29128",1,1,"almjm3 alTby albryTany"
NA,"المحروسة",NA,NA,"4770057679","Dimashq","33.5102, 36.29128",1,1,"alm7rws0"
NA,"المرأة",NA,NA,"4770057679","Dimashq","33.5102, 36.29128",1,1,"almra0"
NA,"المراقب",NA,NA,"4770057679","Dimashq","33.5102, 36.29128",1,1,"almraQb"
NA,"المرج",NA,NA,"4770057679","Dimashq","33.5102, 36.29128",1,1,"almrj"
NA,"المسائل الدولية الاستعمارية",NA,NA,"4770057679","al-Qāhira","30.06263, 31.24967",1,1,"almsa5l aldwly0 alast3mary0"
NA,"المستشرقين",NA,NA,"4770057679","Dimashq","33.5102, 36.29128",1,1,"almstWrQyn"
NA,"المستقبل",NA,NA,"4770057679","Dimashq","33.5102, 36.29128",1,1,"almstQbl"
NA,"المصباح",NA,NA,"472450345","Baghdād","33.34058, 44.40088",1,1,"almSba7"
NA,"المصوَّر",NA,NA,"4770057679","al-Qāhira","30.06263, 31.24967",1,1,"almSwَّr"
NA,"المضحكات",NA,NA,"472450345","Baghdād","33.34058, 44.40088",1,1,"almD7kat"
NA,"المعارف",NA,NA,"644997575","Dimashq","33.5102, 36.29128",1,1,"alm3arf"
NA,"المعين الاجتماعي",NA,NA,"4770057679","al-Qāhira","30.06263, 31.24967",1,1,"alm3yn alajtma3y"
NA,"المفيدة",NA,NA,"4770057679","Dimashq","33.5102, 36.29128",1,1,"almfyd0"
NA,"المقتبس اليومي",NA,NA,"4770057679","Dimashq","33.5102, 36.29128",1,1,"almQtbs alywmy"
NA,"المقطم",NA,NA,"4770057679","Dimashq","33.5102, 36.29128",1,1,"almQTm"
NA,"المناظر",NA,NA,"792756327","Bayrūt","33.88894, 35.49442",1,1,"almnaZr"
NA,"المنتج",NA,NA,"4770057679","Dimashq","33.5102, 36.29128",1,1,"almntj"
NA,"المنتخبات",NA,NA,"644997575","Dimashq","33.5102, 36.29128",1,1,"almntKbat"
NA,"المنتدى الأدبي",NA,NA,"472450345","Baghdād","33.34058, 44.40088",1,1,"almntdA aladby"
NA,"المنهل الصافي",NA,NA,"4770057679","al-Qāhira","30.06263, 31.24967",1,1,"almnhl alSafy"
NA,"المورد الصافي",NA,NA,"4770057679","Dimashq","33.5102, 36.29128",1,1,"almwrd alSafy"
NA,"المورنن بوست",NA,NA,"4770057679","Dimashq","33.5102, 36.29128",1,1,"almwrnn bwst"
NA,"المورنن ليدر",NA,NA,"4770057679","Dimashq","33.5102, 36.29128",1,1,"almwrnn lydr"
NA,"الموصل",NA,NA,"4770057679","Dimashq","33.5102, 36.29128",1,1,"almwSl"
NA,"الن",NA,NA,"644997575","Dimashq","33.5102, 36.29128",1,1,"aln"
NA,"النبراس",NA,NA,"4770057679","al-Qāhira","30.06263, 31.24967",1,1,"alnbras"
NA,"النجاح",NA,NA,"4770057679","Dimashq","33.5102, 36.29128",1,1,"alnja7"
NA,"النخل",NA,NA,"4770057679","Dimashq","33.5102, 36.29128",1,1,"alnKl"
NA,"النديم",NA,NA,"4770057679","Dimashq","33.5102, 36.29128",1,1,"alndym"
NA,"النشرة",NA,NA,"4770057679","Dimashq","33.5102, 36.29128",1,1,"alnWr0"
NA,"النصير",NA,NA,"4770057679","Dimashq","33.5102, 36.29128",1,1,"alnSyr"
NA,"النصير",NA,NA,"644997575","Dimashq","33.5102, 36.29128",1,1,"alnSyr"
NA,"النوادر",NA,NA,"472450345","Baghdād","33.34058, 44.40088",1,1,"alnwadr"
NA,"النيو النيوز اوف دي ورلد",NA,NA,"4770057679","Dimashq","33.5102, 36.29128",1,1,"alnyw alnywz awf dy wrld"
NA,"الهدايا",NA,NA,"4770057679","Dimashq","33.5102, 36.29128",1,1,"alhdaya"
NA,"الهداية",NA,NA,"4770057679","Dimashq","33.5102, 36.29128",1,1,"alhday0"
NA,"الهلال",NA,NA,"472450345","Baghdād","33.34058, 44.40088",1,1,"alhlal"
NA,"الهلال العثماني",NA,NA,"644997575","Dimashq","33.5102, 36.29128",1,1,"alhlal al3Umany"
NA,"الوجدان",NA,NA,"472450345","Baghdād","33.34058, 44.40088",1,1,"alwjdan"
NA,"الوردية",NA,NA,"4770057679","Dimashq","33.5102, 36.29128",1,1,"alwrdy0"
NA,"الورقاء",NA,NA,"4770057679","Dimashq","33.5102, 36.29128",1,1,"alwrQaq"
NA,"الوطن","Bayrūt","33.88894, 35.49442","4770057679","Dimashq","33.5102, 36.29128",1,1,"alwTn"
NA,"الوطن",NA,NA,"472450345","Baghdād","33.34058, 44.40088",1,1,"alwTn"
NA,"الوقائع",NA,NA,"4770057679","al-Qāhira","30.06263, 31.24967",1,1,"alwQa53"
NA,"الوقائع المصرية",NA,NA,"4770057679","al-Qāhira","30.06263, 31.24967",1,1,"alwQa53 almSry0"
NA,"اليمن",NA,NA,"4770057679","Dimashq","33.5102, 36.29128",1,1,"alymn"
NA,"بالك",NA,NA,"472450345","Baghdād","33.34058, 44.40088",1,1,"balk"
NA,"بان",NA,NA,"4770057679","Dimashq","33.5102, 36.29128",1,1,"ban"
NA,"بنسلفانيا باكت",NA,NA,"4770057679","Dimashq","33.5102, 36.29128",1,1,"bnslfanya bakt"
NA,"پول مراقلينار ينه رهبر",NA,NA,"4770057679","Dimashq","33.5102, 36.29128",1,1,"pwl mraQlynar ynh rhbr"
NA,"تاريخ الأديان",NA,NA,"4770057679","Dimashq","33.5102, 36.29128",1,1,"taryK aladyan"
NA,"تدريسات ابتدائية مجموعة سي",NA,NA,"4770057679","Dimashq","33.5102, 36.29128",1,1,"tdrysat abtda5y0 mjmw30 sy"
NA,"ترجمان",NA,NA,"4770057679","Dimashq","33.5102, 36.29128",1,1,"trjman"
NA,"ترجمان حقيقت",NA,NA,"4770057679","Dimashq","33.5102, 36.29128",1,1,"trjman 7QyQt"
NA,"ترقي",NA,NA,"4770057679","Dimashq","33.5102, 36.29128",1,1,"trQy"
NA,"تصوف",NA,NA,"4770057679","Dimashq","33.5102, 36.29128",1,1,"tSwf"
NA,"تضمينات",NA,NA,"4770057679","Dimashq","33.5102, 36.29128",1,1,"tDmynat"
NA,"تعاون",NA,NA,"472450345","Baghdād","33.34058, 44.40088",1,1,"t3awn"
NA,"تفكر",NA,NA,"472450345","Baghdād","33.34058, 44.40088",1,1,"tfkr"
NA,"تقويم وقائع",NA,NA,"4770057679","Dimashq","33.5102, 36.29128",1,1,"tQwym wQa53"
NA,"تنظيمات",NA,NA,"4770057679","Dimashq","33.5102, 36.29128",1,1,"tnZymat"
NA,"تنوير الأفكار",NA,NA,"472450345","Baghdād","33.34058, 44.40088",1,1,"tnwyr alafkar"
NA,"تنوير الأفكار",NA,NA,"4770057679","Dimashq","33.5102, 36.29128",1,1,"tnwyr alafkar"
NA,"جادالوز",NA,NA,"4770057679","Dimashq","33.5102, 36.29128",1,1,"jadalwz"
NA,"جانطة",NA,NA,"4770057679","Dimashq","33.5102, 36.29128",1,1,"janT0"
NA,"جبل عامل",NA,NA,"472450345","Baghdād","33.34058, 44.40088",1,1,"jbl 3aml"
NA,"جبل لبنان",NA,NA,"4770057679","Dimashq","33.5102, 36.29128",1,1,"jbl lbnan"
NA,"جريدة الحارس",NA,NA,"4770057679","Dimashq","33.5102, 36.29128",1,1,"jryd0 al7ars"
NA,"جريدة السلام",NA,NA,"4770057679","Dimashq","33.5102, 36.29128",1,1,"jryd0 alslam"
NA,"جريدة بيروت",NA,NA,"4770057679","Dimashq","33.5102, 36.29128",1,1,"jryd0 byrwt"
NA,"جريدة حوادث",NA,NA,"4770057679","Dimashq","33.5102, 36.29128",1,1,"jryd0 7wadU"
NA,"جريدة عدلية",NA,NA,"4770057679","Dimashq","33.5102, 36.29128",1,1,"jryd0 3dly0"
NA,"جريدة عسكرية",NA,NA,"4770057679","Dimashq","33.5102, 36.29128",1,1,"jryd0 3skry0"
NA,"جم",NA,NA,"4770057679","Dimashq","33.5102, 36.29128",1,1,"jm"
NA,"جهينة",NA,NA,"472450345","Baghdād","33.34058, 44.40088",1,1,"jhyn0"
NA,"جورنال بيروت",NA,NA,"4770057679","Dimashq","33.5102, 36.29128",1,1,"jwrnal byrwt"
NA,"جيلاق",NA,NA,"4770057679","Dimashq","33.5102, 36.29128",1,1,"jylaQ"
NA,"حديقة الاخبار",NA,NA,"792756327","Bayrūt","33.88894, 35.49442",1,1,"7dyQ0 alaKbar"
NA,"حكمت",NA,NA,"4770057679","Dimashq","33.5102, 36.29128",1,1,"7kmt"
NA,"حلب",NA,NA,"4770057679","Dimashq","33.5102, 36.29128",1,1,"7lb"
NA,"حوادث الجمهور",NA,NA,"4770057679","Dimashq","33.5102, 36.29128",1,1,"7wadU aljmhwr"
NA,"خان جغان",NA,NA,"472450345","Baghdād","33.34058, 44.40088",1,1,"Kan jGan"
NA,"خان لذهب",NA,NA,"472450345","Baghdād","33.34058, 44.40088",1,1,"Kan lihb"
NA,"خردلة العلوم",NA,NA,"472450345","Baghdād","33.34058, 44.40088",1,1,"Krdl0 al3lwm"
NA,"دار الفنون",NA,NA,"4770057679","Dimashq","33.5102, 36.29128",1,1,"dar alfnwn"
NA,"دليل غواة الطوابع",NA,NA,"4770057679","Dimashq","33.5102, 36.29128",1,1,"dlyl Gwa0 alTwab3"
NA,"دونيلا",NA,NA,"472450345","Baghdād","33.34058, 44.40088",1,1,"dwnyla"
NA,"دير القمر",NA,NA,"472450345","Baghdād","33.34058, 44.40088",1,1,"dyr alQmr"
NA,"رسالة موقوتة حربية",NA,NA,"4770057679","Dimashq","33.5102, 36.29128",1,1,"rsal0 mwQwt0 7rby0"
NA,"رسملي كتاب",NA,NA,"4770057679","Dimashq","33.5102, 36.29128",1,1,"rsmly ktab"
NA,"رعد",NA,NA,"472450345","Baghdād","33.34058, 44.40088",1,1,"r3d"
NA,"روضة المدارس",NA,NA,"4770057679","al-Qāhira","30.06263, 31.24967",1,1,"rwD0 almdars"
NA,"روضة المدارس",NA,NA,"4770057679","Dimashq","33.5102, 36.29128",1,1,"rwD0 almdars"
NA,"روضة المعارف",NA,NA,"4770057679","Dimashq","33.5102, 36.29128",1,1,"rwD0 alm3arf"
NA,"روضه",NA,NA,"472450345","Baghdād","33.34058, 44.40088",1,1,"rwDh"
NA,"زهيرة بغداد",NA,NA,"472450345","Baghdād","33.34058, 44.40088",1,1,"zhyr0 bGdad"
NA,"سبيل الرشاد",NA,NA,"472450345","Baghdād","33.34058, 44.40088",1,1,"sbyl alrWad"
NA,"سبيل الرشاد",NA,NA,"644997575","Dimashq","33.5102, 36.29128",1,1,"sbyl alrWad"
NA,"سمير الصبا",NA,NA,"4770057679","Dimashq","33.5102, 36.29128",1,1,"smyr alSba"
NA,"سنين",NA,NA,"4770057679","Dimashq","33.5102, 36.29128",1,1,"snyn"
NA,"سورية",NA,NA,"4770057679","Dimashq","33.5102, 36.29128",1,1,"swry0"
NA,"سيف الحق",NA,NA,"472450345","Baghdād","33.34058, 44.40088",1,1,"syf al7Q"
NA,"شمس المعارف",NA,NA,"472450345","Baghdād","33.34058, 44.40088",1,1,"Wms alm3arf"
NA,"شهبال",NA,NA,"4770057679","al-Qāhira","30.06263, 31.24967",1,1,"Whbal"
NA,"شهراء",NA,NA,"4770057679","Dimashq","33.5102, 36.29128",1,1,"Whraq"
NA,"شورا",NA,NA,"4770057679","al-Qāhira","30.06263, 31.24967",1,1,"Wwra"
NA,"شوراي أمت",NA,NA,"4770057679","Dimashq","33.5102, 36.29128",1,1,"Wwray amt"
NA,"صائب",NA,NA,"472450345","Baghdād","33.34058, 44.40088",1,1,"Sa5b"
NA,"صحيفة نادي دار العلوم",NA,NA,"4770057679","Dimashq","33.5102, 36.29128",1,1,"S7yf0 nady dar al3lwm"
NA,"صدى الشهباء",NA,NA,"4770057679","Dimashq","33.5102, 36.29128",1,1,"SdA alWhbaq"
NA,"صدى بابل",NA,NA,"472450345","Baghdād","33.34058, 44.40088",1,1,"SdA babl"
NA,"صدى باريس الفرنسوية",NA,NA,"472450345","Baghdād","33.34058, 44.40088",1,1,"SdA barys alfrnswy0"
NA,"صراط مستقيم",NA,NA,"4770057679","Dimashq","33.5102, 36.29128",1,1,"SraT mstQym"
NA,"ضياء",NA,NA,"4770057679","Dimashq","33.5102, 36.29128",1,1,"Dyaq"
NA,"طبابت حاضرة",NA,NA,"4770057679","Dimashq","33.5102, 36.29128",1,1,"Tbabt 7aDr0"
NA,"طبيب العائلة",NA,NA,"792756327","Bayrūt","33.88894, 35.49442",1,1,"Tbyb al3a5l0"
NA,"طرابلس الغرب",NA,NA,"4770057679","Dimashq","33.5102, 36.29128",1,1,"Trabls alGrb"
NA,"عثمانلي رساملر جمعيتي غزته سي",NA,NA,"4770057679","Dimashq","33.5102, 36.29128",1,1,"3Umanly rsamlr jm3yty Gzth sy"
NA,"عصا موسى",NA,NA,"472450345","Baghdād","33.34058, 44.40088",1,1,"3Sa mwsA"
NA,"عفريت",NA,NA,"472450345","Baghdād","33.34058, 44.40088",1,1,"3fryt"
NA,"علم النفس",NA,NA,"4770057679","Dimashq","33.5102, 36.29128",1,1,"3lm alnfs"
NA,"علوم اقتصادية واجتماعية مجموعة",NA,NA,"4770057679","Dimashq","33.5102, 36.29128",1,1,"3lwm aQtSady0 wajtma3y0 mjmw30"
NA,"غيديق",NA,NA,"4770057679","Dimashq","33.5102, 36.29128",1,1,"GydyQ"
NA,"فتاة الشرق",NA,NA,"4770057679","al-Qāhira","30.06263, 31.24967",1,1,"fta0 alWrQ"
NA,"فتاة لبنان",NA,NA,"472450345","Baghdād","33.34058, 44.40088",1,1,"fta0 lbnan"
NA,"فرنكفورت",NA,NA,"4770057679","Dimashq","33.5102, 36.29128",1,1,"frnkfwrt"
NA,"قادين",NA,NA,"4770057679","Dimashq","33.5102, 36.29128",1,1,"Qadyn"
NA,"قازان مخبري",NA,NA,"4770057679","Dimashq","33.5102, 36.29128",1,1,"Qazan mKbry"
NA,"قرة كوز",NA,NA,"4770057679","Dimashq","33.5102, 36.29128",1,1,"Qr0 kwz"
NA,"قره سنان",NA,NA,"4770057679","Dimashq","33.5102, 36.29128",1,1,"Qrh snan"
NA,"قلم",NA,NA,"4770057679","Dimashq","33.5102, 36.29128",1,1,"Qlm"
NA,"قلنج",NA,NA,"472450345","Baghdād","33.34058, 44.40088",1,1,"Qlnj"
NA,"كرمه ونرمه",NA,NA,"472450345","Baghdād","33.34058, 44.40088",1,1,"krmh wnrmh"
NA,"كمال",NA,NA,"472450345","Baghdād","33.34058, 44.40088",1,1,"kmal"
NA,"كوميديا",NA,NA,"4770057679","Dimashq","33.5102, 36.29128",1,1,"kwmydya"
NA,"لابريس",NA,NA,"4770057679","Dimashq","33.5102, 36.29128",1,1,"labrys"
NA,"لادي هوم جورنال",NA,NA,"4770057679","Dimashq","33.5102, 36.29128",1,1,"lady hwm jwrnal"
NA,"لاغير",NA,NA,"472450345","Baghdād","33.34058, 44.40088",1,1,"laGyr"
NA,"لاقتصاد الاجتماعي",NA,NA,"4770057679","al-Qāhira","30.06263, 31.24967",1,1,"laQtSad alajtma3y"
NA,"لاومانيته",NA,NA,"4770057679","Dimashq","33.5102, 36.29128",1,1,"lawmanyth"
NA,"لبنان",NA,NA,"4770057679","Dimashq","33.5102, 36.29128",1,1,"lbnan"
NA,"لديلي ميل",NA,NA,"4770057679","Dimashq","33.5102, 36.29128",1,1,"ldyly myl"
NA,"لسان",NA,NA,"472450345","Baghdād","33.34058, 44.40088",1,1,"lsan"
NA,"لسان الحال",NA,NA,"4770057679","Dimashq","33.5102, 36.29128",1,1,"lsan al7al"
NA,"لسان الشرق",NA,NA,"4770057679","Dimashq","33.5102, 36.29128",1,1,"lsan alWrQ"
NA,"لسان الصدق",NA,NA,"472450345","Baghdād","33.34058, 44.40088",1,1,"lsan alSdQ"
NA,"لسان العرب",NA,NA,"472450345","Baghdād","33.34058, 44.40088",1,1,"lsan al3rb"
NA,"لسان العرب",NA,NA,"4770057679","Dimashq","33.5102, 36.29128",1,1,"lsan al3rb"
NA,"لطيف",NA,NA,"4770057679","Dimashq","33.5102, 36.29128",1,1,"lTyf"
NA,"لغة",NA,NA,"472450345","Baghdād","33.34058, 44.40088",1,1,"lG0"
NA,"لمقتبس",NA,NA,"4770057679","Dimashq","33.5102, 36.29128",1,1,"lmQtbs"
NA,"لمورنن ليدر",NA,NA,"4770057679","Dimashq","33.5102, 36.29128",1,1,"lmwrnn lydr"
NA,"لومانيتي",NA,NA,"644997575","Dimashq","33.5102, 36.29128",1,1,"lwmanyty"
NA,"مجلة الأحكام الشرعية",NA,NA,"4770057679","Dimashq","33.5102, 36.29128",1,1,"mjl0 ala7kam alWr3y0"
NA,"مجلة الأنتروبوس الإنسان",NA,NA,"4770057679","Dimashq","33.5102, 36.29128",1,1,"mjl0 alantrwbws alansan"
NA,"مجلة الإصلاح الاجتماعي",NA,NA,"4770057679","al-Qāhira","30.06263, 31.24967",1,1,"mjl0 alaSla7 alajtma3y"
NA,"مجلة الاجتماع الدولية",NA,NA,"4770057679","Dimashq","33.5102, 36.29128",1,1,"mjl0 alajtma3 aldwly0"
NA,"مجلة الاقتصاد الدولية",NA,NA,"4770057679","Dimashq","33.5102, 36.29128",1,1,"mjl0 alaQtSad aldwly0"
NA,"مجلة الاقتصاديين",NA,NA,"4770057679","Dimashq","33.5102, 36.29128",1,1,"mjl0 alaQtSadyyn"
NA,"مجلة التعليم الدولية",NA,NA,"4770057679","Dimashq","33.5102, 36.29128",1,1,"mjl0 alt3lym aldwly0"
NA,"مجلة الحقائق والتلفيق",NA,NA,"644997575","Dimashq","33.5102, 36.29128",1,1,"mjl0 al7Qa5Q waltlfyQ"
NA,"مجلة الشتاء",NA,NA,"4770057679","al-Qāhira","30.06263, 31.24967",1,1,"mjl0 alWtaq"
NA,"مجلة الشرق",NA,NA,"4770057679","Dimashq","33.5102, 36.29128",1,1,"mjl0 alWrQ"
NA,"مجلة الطبيعة الفرنسية",NA,NA,"4770057679","al-Qāhira","30.06263, 31.24967",1,1,"mjl0 alTby30 alfrnsy0"
NA,"مجلة العالمين",NA,NA,"4770057679","Dimashq","33.5102, 36.29128",1,1,"mjl0 al3almyn"
NA,"مجلة العلم",NA,NA,"4770057679","Dimashq","33.5102, 36.29128",1,1,"mjl0 al3lm"
NA,"مجلة العوام",NA,NA,"4770057679","Dimashq","33.5102, 36.29128",1,1,"mjl0 al3wam"
NA,"مجلة القرن التاسع عشر",NA,NA,"4770057679","al-Qāhira","30.06263, 31.24967",1,1,"mjl0 alQrn altas3 3Wr"
NA,"مجلة اللجنة الأميركية الشرقية",NA,NA,"472450345","Baghdād","33.34058, 44.40088",1,1,"mjl0 alljn0 alamyrky0 alWrQy0"
NA,"مجلة المباحث",NA,NA,"4770057679","Dimashq","33.5102, 36.29128",1,1,"mjl0 almba7U"
NA,"مجلة الملكية",NA,NA,"4770057679","Dimashq","33.5102, 36.29128",1,1,"mjl0 almlky0"
NA,"مجلة المنتدى الأدبي",NA,NA,"4770057679","Dimashq","33.5102, 36.29128",1,1,"mjl0 almntdA aladby"
NA,"مجلة المورد الصافي",NA,NA,"4770057679","Dimashq","33.5102, 36.29128",1,1,"mjl0 almwrd alSafy"
NA,"مجلة الن س العصرية",NA,NA,"644997575","Dimashq","33.5102, 36.29128",1,1,"mjl0 aln s al3Sry0"
NA,"مجلة انتربية",NA,NA,"4770057679","Dimashq","33.5102, 36.29128",1,1,"mjl0 antrby0"
NA,"مجلة جمعية الملاجئ العباسية ومكارم الأخلاق الإسلامية",NA,NA,"4770057679","al-Qāhira","30.06263, 31.24967",1,1,"mjl0 jm3y0 almlaj5 al3basy0 wmkarm alaKlaQ alaslamy0"
NA,"مجلة عرفات",NA,NA,"4770057679","al-Qāhira","30.06263, 31.24967",1,1,"mjl0 3rfat"
NA,"مجلة علم الاجتماع الدولية",NA,NA,"4770057679","al-Qāhira","30.06263, 31.24967",1,1,"mjl0 3lm alajtma3 aldwly0"
NA,"مجلة مستندات الترقي",NA,NA,"4770057679","al-Qāhira","30.06263, 31.24967",1,1,"mjl0 mstndat altrQy"
NA,"مجلة مصر والشرق الفرنسية",NA,NA,"4770057679","al-Qāhira","30.06263, 31.24967",1,1,"mjl0 mSr walWrQ alfrnsy0"
NA,"مجلة مطالعاتنا في البيوت",NA,NA,"4770057679","Dimashq","33.5102, 36.29128",1,1,"mjl0 mTal3atna fy albywt"
NA,"مجموعة أبو الضيا",NA,NA,"4770057679","Dimashq","33.5102, 36.29128",1,1,"mjmw30 abw alDya"
NA,"مخزن علوم",NA,NA,"4770057679","Dimashq","33.5102, 36.29128",1,1,"mKzn 3lwm"
NA,"مسامرات الشعب",NA,NA,"4770057679","al-Qāhira","30.06263, 31.24967",1,1,"msamrat alW3b"
NA,"مستندات الترقي",NA,NA,"4770057679","Dimashq","33.5102, 36.29128",1,1,"mstndat altrQy"
NA,"مشرق",NA,NA,"4770057679","Dimashq","33.5102, 36.29128",1,1,"mWrQ"
NA,"مصبح الشرق",NA,NA,"472450345","Baghdād","33.34058, 44.40088",1,1,"mSb7 alWrQ"
NA,"مطالعات البيوت",NA,NA,"4770057679","Dimashq","33.5102, 36.29128",1,1,"mTal3at albywt"
NA,"مطالعاتنا في البيوت",NA,NA,"4770057679","Dimashq","33.5102, 36.29128",1,1,"mTal3atna fy albywt"
NA,"مطالعاتنا في بيوتنا",NA,NA,"4770057679","Dimashq","33.5102, 36.29128",1,1,"mTal3atna fy bywtna"
NA,"مقتبس",NA,NA,"644997575","Dimashq","33.5102, 36.29128",1,1,"mQtbs"
NA,"مقتطف",NA,NA,"4770057679","al-Qāhira","30.06263, 31.24967",1,1,"mQtTf"
NA,"ملكية",NA,NA,"4770057679","Dimashq","33.5102, 36.29128",1,1,"mlky0"
NA,"مودا ملكه سي",NA,NA,"4770057679","Dimashq","33.5102, 36.29128",1,1,"mwda mlkh sy"
NA,"نجف",NA,NA,"472450345","Baghdād","33.34058, 44.40088",1,1,"njf"
NA,"نفكر",NA,NA,"472450345","Baghdād","33.34058, 44.40088",1,1,"nfkr"
NA,"نيويورك هرالد",NA,NA,"4770057679","Dimashq","33.5102, 36.29128",1,1,"nywywrk hrald"
NA,"وادي النيل",NA,NA,"4770057679","Dimashq","33.5102, 36.29128",1,1,"wady alnyl"
NA,"وجدان",NA,NA,"472450345","Baghdād","33.34058, 44.40088",1,1,"wjdan"
NA,"وقت",NA,NA,"4770057679","al-Qāhira","30.06263, 31.24967",1,1,"wQt"
NA,"يكي إقدام",NA,NA,"4770057679","Dimashq","33.5102, 36.29128",1,1,"yky aQdam"
NA,"يكي تصوير أفكار",NA,NA,"4770057679","Dimashq","33.5102, 36.29128",1,1,"yky tSwyr afkar"
NA,"يكي كوه زه",NA,NA,"4770057679","Dimashq","33.5102, 36.29128",1,1,"yky kwh zh"
NA,"يكي محيط المعارف غزته صي غزته سي",NA,NA,"4770057679","Dimashq","33.5102, 36.29128",1,1,"yky m7yT alm3arf Gzth Sy Gzth sy"
NA,"يكي موده",NA,NA,"472450345","Baghdād","33.34058, 44.40088",1,1,"yky mwdh"
NA,"يلديرم بين النهرين",NA,NA,"472450345","Baghdād","33.34058, 44.40088",1,1,"yldyrm byn alnhryn"
NA,"القبس",NA,NA,"4770057679","Dimashq","33.5102, 36.29128",0,1,"alQbs"
NA,"الكوثر",NA,NA,"472450345","Baghdād","33.34058, 44.40088",0,1,"alkwUr"
NA,"تنوير",NA,NA,"472450345","Baghdād","33.34058, 44.40088",0,1,"tnwyr"
